{
  "spearman_risk_vs_trajectory_residual": 0.5425652399109453,
  "p_value_risk_vs_trajectory_residual": 2.5486917179936487e-138,
  "spearman_risk_vs_temporal_excess_score": 0.5211761759645552,
  "p_value_risk_vs_temporal_excess_score": 6.519880228214319e-126,
  "spearman_risk_vs_embedding_shift": 0.5424026039893408,
  "p_value_risk_vs_embedding_shift": 3.192049478443351e-138,
  "spearman_risk_vs_depth_corruption_score": -0.020976380086202184,
  "p_value_risk_vs_depth_corruption_score": 0.373770914444124,
  "spearman_risk_vs_progress_stagnation_score": 0.49617711803759434,
  "p_value_risk_vs_progress_stagnation_score": 1.7205142519402627e-112,
  "spearman_risk_vs_calibration_gap_score": -0.11698597807986723,
  "p_value_risk_vs_calibration_gap_score": 6.459586585079881e-07,
  "spearman_risk_vs_coverage_risk_score": 0.518719009768085,
  "p_value_risk_vs_coverage_risk_score": 1.5259735537939602e-124,
  "spearman_risk_vs_corruption_severity_proxy": 0.12080433279214893,
  "p_value_risk_vs_corruption_severity_proxy": 2.739066840776163e-07,
  "mean_risk_by_state": {
    "NORMAL": 0.05347386782436555,
    "SUSPECT": 0.9326567977581238,
    "RECOVER": 0.9854686236446633,
    "HUMAN_REVIEW": null
  },
  "top10_risk_threshold": 0.9745794860139793,
  "recover_or_review_count": 17,
  "top10_risk_recover_or_review_capture": 1.0,
  "top10_risk_fraction": 0.1
}