feature,signed_importance,importance
embedding_shift,0.27887420628024945,0.27887420628024945
trajectory_residual,0.2787861215159682,0.2787861215159682
progress_slope,0.2597645476803219,0.2597645476803219
mean_depth,0.06614943581293314,0.06614943581293314
depth_valid_ratio,0.058627154748989135,0.058627154748989135
depth_std,0.041580615623846885,0.041580615623846885
temporal_local_distance,0.0162179183376913,0.0162179183376913
